rank,image_a,image_b,phash_hamming_distance,ssim_256_gray,same_sha256
1,1-coins/120_1479351606.jpg,1-coins/120_1479351612.jpg,0,0.9939686165911893,False
2,1-coins/120_1479351636.jpg,1-coins/120_1479351642.jpg,0,0.9938767383214386,False
3,1-coins/110_1479347448.jpg,1-coins/110_1479347454.jpg,0,0.993729641215256,False
4,1-coins/175_1479423768.jpg,1-coins/175_1479423774.jpg,0,0.993627471020879,False
5,1-coins/55_1477842114.jpg,1-coins/55_1477842120.jpg,0,0.9935605318126873,False
6,1-coins/170_1479423264.jpg,1-coins/170_1479423270.jpg,0,0.9935563915811071,False
7,1-coins/60_1477845324.jpg,1-coins/60_1477845330.jpg,0,0.993549431790983,False
8,1-coins/115_1479347664.jpg,1-coins/115_1479347670.jpg,0,0.9935146156773643,False
9,1-coins/150_1479430074.jpg,1-coins/150_1479430080.jpg,0,0.9933221145203889,False
10,1-coins/115_1479347616.jpg,1-coins/115_1479347622.jpg,0,0.9933115531188812,False
11,1-coins/110_1479345756.jpg,1-coins/110_1479345762.jpg,0,0.9931778307956187,False
12,1-coins/115_1479350616.jpg,1-coins/115_1479350622.jpg,0,0.9931749267357465,False
13,1-coins/65_1477845840.jpg,1-coins/65_1477845846.jpg,0,0.9931225429503209,False
14,1-coins/140_1479427242.jpg,1-coins/140_1479427248.jpg,0,0.9930831902364525,False
15,1-coins/110_1479345660.jpg,1-coins/110_1479345666.jpg,0,0.9930413257540037,False
16,1-coins/70_1477846788.jpg,1-coins/70_1477846794.jpg,0,0.9930221234232778,False
17,1-coins/150_1477864194.jpg,1-coins/150_1477864200.jpg,0,0.9930100911853864,False
18,1-coins/115_1479348030.jpg,1-coins/115_1479348036.jpg,0,0.9930081850118816,False
19,1-coins/115_1479347634.jpg,1-coins/115_1479347640.jpg,0,0.992964874244575,False
20,1-coins/95_1477857414.jpg,1-coins/95_1477857420.jpg,0,0.9929525267834097,False
21,1-coins/115_1479348336.jpg,1-coins/115_1479348342.jpg,0,0.9929522438048539,False
22,1-coins/105_1479345390.jpg,1-coins/105_1479345396.jpg,0,0.9929396654904202,False
23,1-coins/5_1477290972.jpg,1-coins/5_1477290978.jpg,0,0.9929257361889424,False
24,1-coins/115_1479348348.jpg,1-coins/115_1479348354.jpg,0,0.9929249222428781,False
25,1-coins/105_1479345408.jpg,1-coins/105_1479345414.jpg,0,0.9928015648987473,False
26,1-coins/110_1479347394.jpg,1-coins/110_1479347400.jpg,0,0.9927936675003516,False
27,1-coins/85_1477853958.jpg,1-coins/85_1477853964.jpg,0,0.9927779264851361,False
28,1-coins/105_1479344778.jpg,1-coins/105_1479344784.jpg,0,0.9927674556700727,False
29,1-coins/110_1479347382.jpg,1-coins/110_1479347388.jpg,0,0.9927641668424102,False
30,1-coins/5_1477189128.jpg,1-coins/5_1477189134.jpg,0,0.992761907341936,False
31,1-coins/130_1477862400.jpg,1-coins/130_1477862406.jpg,0,0.9927390182525373,False
32,1-coins/115_1479349644.jpg,1-coins/115_1479349650.jpg,0,0.992728924796235,False
33,1-coins/115_1479347964.jpg,1-coins/115_1479347970.jpg,0,0.99262803606085,False
34,1-coins/50_1477193586.jpg,1-coins/50_1477193592.jpg,0,0.9926253594484101,False
35,1-coins/105_1479345294.jpg,1-coins/105_1479345300.jpg,0,0.9924800184831969,False
36,1-coins/105_1479344574.jpg,1-coins/105_1479344580.jpg,0,0.9924581411014379,False
37,1-coins/120_1479351390.jpg,1-coins/120_1479351396.jpg,0,0.9924442545167531,False
38,1-coins/115_1479347628.jpg,1-coins/115_1479347634.jpg,0,0.9924027808864185,False
39,1-coins/150_1479429984.jpg,1-coins/150_1479429990.jpg,0,0.9923979654271282,False
40,1-coins/100_1477860942.jpg,1-coins/100_1477860948.jpg,0,0.9923429369273742,False
41,1-coins/30_1477786848.jpg,1-coins/30_1477786854.jpg,0,0.9922401756241337,False
42,1-coins/115_1479347628.jpg,1-coins/115_1479347640.jpg,0,0.992083079699678,False
43,1-coins/110_1479347430.jpg,1-coins/110_1479347436.jpg,0,0.991862229082325,False
44,1-coins/10_1477187388.jpg,1-coins/10_1477187394.jpg,0,0.9918224770219655,False
45,1-coins/100_1477154598.jpg,1-coins/100_1477154604.jpg,0,0.991638169795614,False
46,1-coins/5_1477188768.jpg,1-coins/5_1477188774.jpg,0,0.9915992262739446,False
47,1-coins/120_1479423072.jpg,1-coins/120_1479423078.jpg,0,0.9914390937144787,False
48,1-coins/10_1477186290.jpg,1-coins/10_1477186296.jpg,0,0.9913883822578603,False
49,1-coins/110_1479347418.jpg,1-coins/110_1479347436.jpg,0,0.9809220486274081,False
50,1-coins/110_1479347418.jpg,1-coins/110_1479347430.jpg,0,0.9809054808632643,False
51,1-coins/110_1479347496.jpg,1-coins/110_1479347502.jpg,2,0.993779631557125,False
52,1-coins/120_1479351570.jpg,1-coins/120_1479351576.jpg,2,0.9937581294394923,False
53,1-coins/120_1479351438.jpg,1-coins/120_1479351444.jpg,2,0.9934188133910526,False
54,1-coins/110_1479347460.jpg,1-coins/110_1479347466.jpg,2,0.9933925070548763,False
55,1-coins/110_1479347484.jpg,1-coins/110_1479347490.jpg,2,0.993378813691263,False
56,1-coins/115_1479349614.jpg,1-coins/115_1479349620.jpg,2,0.9933746220204244,False
57,1-coins/115_1479347604.jpg,1-coins/115_1479347610.jpg,2,0.9933152481245325,False
58,1-coins/85_1477852896.jpg,1-coins/85_1477852902.jpg,2,0.9932288825776646,False
59,1-coins/140_1479427314.jpg,1-coins/140_1479427320.jpg,2,0.9932211463821,False
60,1-coins/115_1479349650.jpg,1-coins/115_1479349656.jpg,2,0.9932145072407089,False
61,1-coins/115_1479348366.jpg,1-coins/115_1479348378.jpg,2,0.9931949022854669,False
62,1-coins/10_1477787910.jpg,1-coins/10_1477787916.jpg,2,0.9931919859429116,False
63,1-coins/115_1479347652.jpg,1-coins/115_1479347658.jpg,2,0.9931862866663246,False
64,1-coins/115_1479349626.jpg,1-coins/115_1479349632.jpg,2,0.9931804090777409,False
65,1-coins/115_1479349668.jpg,1-coins/115_1479349674.jpg,2,0.9931751902847935,False
66,1-coins/115_1479347586.jpg,1-coins/115_1479347592.jpg,2,0.9931280379969829,False
67,1-coins/90_1477854780.jpg,1-coins/90_1477854786.jpg,2,0.9931227480916657,False
68,1-coins/110_1479345768.jpg,1-coins/110_1479345774.jpg,2,0.9931044462923665,False
69,1-coins/115_1479348366.jpg,1-coins/115_1479348384.jpg,2,0.9930464172528575,False
70,1-coins/100_1477858932.jpg,1-coins/100_1477858938.jpg,2,0.9930296024351571,False
71,1-coins/90_1477854798.jpg,1-coins/90_1477854804.jpg,2,0.9930202622814979,False
72,1-coins/115_1479348360.jpg,1-coins/115_1479348366.jpg,2,0.9930166353605,False
73,1-coins/45_1477835862.jpg,1-coins/45_1477835868.jpg,2,0.9930076867623049,False
74,1-coins/65_1477846464.jpg,1-coins/65_1477846470.jpg,2,0.9929785492426272,False
75,1-coins/115_1479348318.jpg,1-coins/115_1479348324.jpg,2,0.9929779333985275,False
76,1-coins/50_1477144914.jpg,1-coins/50_1477144920.jpg,2,0.9929757334737561,False
77,1-coins/115_1479348366.jpg,1-coins/115_1479348372.jpg,2,0.9929639188167748,False
78,1-coins/55_1477839162.jpg,1-coins/55_1477839168.jpg,2,0.9929624210828389,False
79,1-coins/115_1479348360.jpg,1-coins/115_1479348378.jpg,2,0.9929416557164457,False
80,1-coins/60_1477844808.jpg,1-coins/60_1477844814.jpg,2,0.9929379967779237,False
81,1-coins/25_1477287324.jpg,1-coins/25_1477287330.jpg,2,0.9928502768247645,False
82,1-coins/115_1479348372.jpg,1-coins/115_1479348384.jpg,2,0.992843056018983,False
83,1-coins/110_1479347424.jpg,1-coins/110_1479347430.jpg,2,0.9928115788833303,False
84,1-coins/115_1479348012.jpg,1-coins/115_1479348018.jpg,2,0.992791094152556,False
85,1-coins/65_1477845672.jpg,1-coins/65_1477845678.jpg,2,0.9927908880966982,False
86,1-coins/25_1477287198.jpg,1-coins/25_1477287204.jpg,2,0.9927901572775838,False
87,1-coins/110_1479347406.jpg,1-coins/110_1479347412.jpg,2,0.9927879584148591,False
88,1-coins/115_1479348360.jpg,1-coins/115_1479348384.jpg,2,0.9927862378975435,False
89,1-coins/60_1477845246.jpg,1-coins/60_1477845252.jpg,2,0.9927555558330939,False
90,1-coins/150_1477864512.jpg,1-coins/150_1477864518.jpg,2,0.9926959604740889,False
91,1-coins/105_1479344850.jpg,1-coins/105_1479344856.jpg,2,0.9926901541073898,False
92,1-coins/115_1479349644.jpg,1-coins/115_1479349656.jpg,2,0.9926545690863946,False
93,1-coins/5_1477291854.jpg,1-coins/5_1477291860.jpg,2,0.9926305987009126,False
94,1-coins/115_1479347958.jpg,1-coins/115_1479347964.jpg,2,0.9926254718836681,False
95,1-coins/55_1477838958.jpg,1-coins/55_1477838964.jpg,2,0.9925855922275623,False
96,1-coins/50_1477194570.jpg,1-coins/50_1477194576.jpg,2,0.9925743383825832,False
97,1-coins/105_1479345378.jpg,1-coins/105_1479345384.jpg,2,0.9925599992819664,False
98,1-coins/105_1479344958.jpg,1-coins/105_1479344964.jpg,2,0.9925310142731183,False
99,1-coins/115_1479350550.jpg,1-coins/115_1479350556.jpg,2,0.9925125798105098,False
100,1-coins/75_1477849554.jpg,1-coins/75_1477849560.jpg,2,0.9925049156443893,False
101,1-coins/115_1479349572.jpg,1-coins/115_1479349578.jpg,2,0.9924741688320576,False
102,1-coins/5_1477291218.jpg,1-coins/5_1477291224.jpg,2,0.9924267042227767,False
103,1-coins/130_1477862010.jpg,1-coins/130_1477862016.jpg,2,0.9924150222985831,False
104,1-coins/30_1477787436.jpg,1-coins/30_1477787442.jpg,2,0.9924130343889032,False
105,1-coins/95_1477857462.jpg,1-coins/95_1477857468.jpg,2,0.9923603103156168,False
106,1-coins/115_1479350640.jpg,1-coins/115_1479350646.jpg,2,0.992354285828554,False
107,1-coins/105_1479345330.jpg,1-coins/105_1479345336.jpg,2,0.9923498876729745,False
108,1-coins/105_1479345084.jpg,1-coins/105_1479345090.jpg,2,0.9923422226093909,False
109,1-coins/10_1477147368.jpg,1-coins/10_1477147374.jpg,2,0.9923306415099085,False
110,1-coins/25_1477287246.jpg,1-coins/25_1477287252.jpg,2,0.9923288612451073,False
111,1-coins/115_1479347994.jpg,1-coins/115_1479348000.jpg,2,0.9922955250650622,False
112,1-coins/25_1477285452.jpg,1-coins/25_1477285458.jpg,2,0.9922356862845455,False
113,1-coins/115_1479350538.jpg,1-coins/115_1479350544.jpg,2,0.9922029900891147,False
114,1-coins/10_1477186452.jpg,1-coins/10_1477186458.jpg,2,0.9919945286794246,False
115,1-coins/10_1477187382.jpg,1-coins/10_1477187394.jpg,2,0.991952892238121,False
116,1-coins/50_1477193604.jpg,1-coins/50_1477193610.jpg,2,0.9919435856197467,False
117,1-coins/105_1479345072.jpg,1-coins/105_1479345078.jpg,2,0.9919108334148529,False
118,1-coins/115_1479347982.jpg,1-coins/115_1479347988.jpg,2,0.9918598289861404,False
119,1-coins/5_1477189266.jpg,1-coins/5_1477189272.jpg,2,0.9918388066358094,False
120,1-coins/115_1479349632.jpg,1-coins/115_1479349638.jpg,2,0.9918350602804021,False
121,1-coins/10_1477187382.jpg,1-coins/10_1477187388.jpg,2,0.9917756623692191,False
122,1-coins/10_1477187394.jpg,1-coins/10_1477187400.jpg,2,0.9917705821733821,False
123,1-coins/105_1479345060.jpg,1-coins/105_1479345066.jpg,2,0.9917212606642906,False
124,1-coins/10_1477186650.jpg,1-coins/10_1477186656.jpg,2,0.9917196251277592,False
125,1-coins/115_1479347958.jpg,1-coins/115_1479347970.jpg,2,0.9917126952307729,False
126,1-coins/5_1477189278.jpg,1-coins/5_1477189284.jpg,2,0.9916976531777576,False
127,1-coins/5_1477156782.jpg,1-coins/5_1477156788.jpg,2,0.9916867603926836,False
128,1-coins/10_1477187382.jpg,1-coins/10_1477187400.jpg,2,0.9916758908206089,False
129,1-coins/10_1477187388.jpg,1-coins/10_1477187400.jpg,2,0.9916274314621357,False
130,1-coins/60_1477844946.jpg,1-coins/60_1477844952.jpg,2,0.9916223754619381,False
131,1-coins/35_1477789638.jpg,1-coins/35_1477789644.jpg,2,0.9915421180037639,False
132,1-coins/100_1477154628.jpg,1-coins/100_1477154634.jpg,2,0.9914516639868711,False
133,1-coins/85_1477852152.jpg,1-coins/85_1477852158.jpg,2,0.9914059208496169,False
134,1-coins/10_1477185414.jpg,1-coins/10_1477185420.jpg,2,0.9913569988947183,False
135,1-coins/120_1479351522.jpg,1-coins/120_1479351528.jpg,2,0.9913182037307332,False
136,1-coins/115_1479349626.jpg,1-coins/115_1479349638.jpg,2,0.9912145056873812,False
137,1-coins/10_1477149144.jpg,1-coins/10_1477149150.jpg,2,0.9911933734637016,False
138,1-coins/110_1479347424.jpg,1-coins/110_1479347436.jpg,2,0.9911420585533122,False
139,1-coins/50_1477282422.jpg,1-coins/50_1477282434.jpg,2,0.9911182159505867,False
140,1-coins/55_1477839288.jpg,1-coins/55_1477839294.jpg,2,0.9910654774275358,False
141,1-coins/115_1479350568.jpg,1-coins/115_1479350574.jpg,2,0.9910341574851046,False
142,1-coins/10_1477149096.jpg,1-coins/10_1477149102.jpg,2,0.9910224532944136,False
143,1-coins/105_1479345264.jpg,1-coins/105_1479345270.jpg,2,0.990861066975916,False
144,1-coins/120_1479351306.jpg,1-coins/120_1479351312.jpg,2,0.9907843018332075,False
145,1-coins/55_1477842156.jpg,1-coins/55_1477842162.jpg,2,0.9907385380372674,False
146,1-coins/100_1477281702.jpg,1-coins/100_1477281708.jpg,2,0.9907290916970791,False
147,1-coins/25_1477285794.jpg,1-coins/25_1477285800.jpg,2,0.9903359657265122,False
148,1-coins/65_1477845636.jpg,1-coins/65_1477845642.jpg,2,0.9889930980256934,False
149,1-coins/50_1477193142.jpg,1-coins/50_1477193244.jpg,2,0.9887501137279032,False
150,1-coins/10_1477147740.jpg,1-coins/10_1477148976.jpg,2,0.9851985387766038,False
151,1-coins/95_1477857606.jpg,1-coins/95_1477857612.jpg,2,0.9845711013090134,False
152,1-coins/95_1477857318.jpg,1-coins/95_1477857324.jpg,2,0.9841830901831371,False
153,1-coins/110_1479347418.jpg,1-coins/110_1479347424.jpg,2,0.9806061914506284,False
154,1-coins/110_1479346104.jpg,1-coins/110_1479346110.jpg,2,0.9778604533549334,False
155,1-coins/120_1479351474.jpg,1-coins/120_1479351480.jpg,2,0.9768470066972984,False
156,1-coins/100_1477858104.jpg,1-coins/100_1477858110.jpg,2,0.9766903383275544,False
157,1-coins/125_1479424668.jpg,1-coins/125_1479424674.jpg,2,0.9754085864487045,False
158,1-coins/10_1477288542.jpg,1-coins/10_1477288548.jpg,2,0.9732176920606119,False
159,1-coins/45_1477835808.jpg,1-coins/45_1477835814.jpg,2,0.9698315490466162,False
160,1-coins/105_1479345234.jpg,1-coins/105_1479345240.jpg,2,0.9671587025133398,False
161,1-coins/50_1477193622.jpg,1-coins/50_1477193730.jpg,2,0.9554597805380689,False
162,1-coins/70_1477846752.jpg,1-coins/70_1477846758.jpg,2,0.9525978976572429,False
163,1-coins/60_1477845300.jpg,1-coins/60_1477845306.jpg,2,0.9466778033154369,False
164,1-coins/80_1477850808.jpg,1-coins/80_1477850814.jpg,2,0.9437154883756033,False
165,1-coins/55_1477842024.jpg,1-coins/55_1477842030.jpg,2,0.9302460411326289,False
166,1-coins/145_1479427536.jpg,1-coins/145_1479427542.jpg,4,0.9934577937517245,False
167,1-coins/115_1479348378.jpg,1-coins/115_1479348384.jpg,4,0.9930523765484794,False
168,1-coins/50_1477282542.jpg,1-coins/50_1477282548.jpg,4,0.993005673665951,False
169,1-coins/25_1477287378.jpg,1-coins/25_1477287384.jpg,4,0.9927969703518102,False
170,1-coins/25_1477191570.jpg,1-coins/25_1477191576.jpg,4,0.9924886277386383,False
171,1-coins/50_1477194504.jpg,1-coins/50_1477194510.jpg,4,0.992278122443627,False
172,1-coins/25_1477287114.jpg,1-coins/25_1477287120.jpg,4,0.9922326958807425,False
173,1-coins/25_1477286502.jpg,1-coins/25_1477286508.jpg,4,0.9922250501901425,False
174,1-coins/50_1477282572.jpg,1-coins/50_1477282578.jpg,4,0.9921982675215257,False
175,1-coins/25_1477285410.jpg,1-coins/25_1477285416.jpg,4,0.9921424506265658,False
176,1-coins/60_1477845384.jpg,1-coins/60_1477845390.jpg,4,0.9921396884208379,False
177,1-coins/25_1477286484.jpg,1-coins/25_1477286490.jpg,4,0.9920648177907094,False
178,1-coins/25_1477286166.jpg,1-coins/25_1477286172.jpg,4,0.9919450436837569,False
179,1-coins/5_1477291932.jpg,1-coins/5_1477291938.jpg,4,0.9917753204243095,False
180,1-coins/5_1477188972.jpg,1-coins/5_1477188978.jpg,4,0.9915976063249513,False
181,1-coins/5_1477188510.jpg,1-coins/5_1477188516.jpg,4,0.9915838799697914,False
182,1-coins/65_1477845516.jpg,1-coins/65_1477845522.jpg,4,0.9915391693009259,False
183,1-coins/5_1477188666.jpg,1-coins/5_1477188672.jpg,4,0.991365685122745,False
184,1-coins/5_1477290474.jpg,1-coins/5_1477290480.jpg,4,0.9913304841728742,False
185,1-coins/5_1477156758.jpg,1-coins/5_1477156764.jpg,4,0.9911721021735621,False
186,1-coins/120_1479351618.jpg,1-coins/120_1479351624.jpg,4,0.9910538020466311,False
187,1-coins/5_1477290150.jpg,1-coins/5_1477290156.jpg,4,0.9909477466465859,False
188,1-coins/115_1479350592.jpg,1-coins/115_1479350598.jpg,4,0.9908310454504521,False
189,1-coins/50_1477145124.jpg,1-coins/50_1477145130.jpg,4,0.990441092076966,False
190,1-coins/70_1477849380.jpg,1-coins/70_1477849386.jpg,4,0.9899974900266383,False
191,1-coins/25_1477285470.jpg,1-coins/25_1477285476.jpg,4,0.9893625661989006,False
192,1-coins/65_1477845624.jpg,1-coins/65_1477845630.jpg,4,0.9892338380650773,False
193,1-coins/70_1477846860.jpg,1-coins/70_1477846866.jpg,4,0.9891402254137398,False
194,1-coins/65_1477846512.jpg,1-coins/65_1477846518.jpg,4,0.9864687084749224,False
195,1-coins/25_1477191678.jpg,1-coins/25_1477191696.jpg,4,0.9856008871808223,False
196,1-coins/60_1477844664.jpg,1-coins/60_1477844670.jpg,4,0.9799373447617125,False
197,1-coins/90_1477854924.jpg,1-coins/90_1477854930.jpg,4,0.9757188917189448,False
198,1-coins/5_1477290750.jpg,1-coins/5_1477290756.jpg,4,0.9746365951524976,False
199,1-coins/25_1477285122.jpg,1-coins/25_1477285128.jpg,4,0.9724501566205034,False
200,1-coins/5_1477290366.jpg,1-coins/5_1477290372.jpg,4,0.9723385486393588,False
